{"cameraMode":{"drawMode":0,"name":"Shaded","section":"Shading Mode"},"sceneLighting":false,"audioPlay":false,"sceneViewState":{"m_AlwaysRefresh":false,"showFog":true,"showSkybox":false,"showFlares":true,"showImageEffects":true,"showParticleSystems":true,"showVisualEffectGraphs":true,"m_FxEnabled":true},"in2DMode":false,"pivot":{"x":-0.015382722020149231,"y":-0.0031142979860305788,"z":0.07195179164409638},"rotation":{"x":0.2652558982372284,"y":-0.014461989514529705,"z":0.003978957887738943,"w":0.9640621542930603},"size":0.14317262172698975,"orthographic":false}